[
  {
    "value": "Red",
    "synonyms": [
      "Red",
      "red"
    ]
  },
  {
    "value": "Blue",
    "synonyms": [
      "Blue",
      "blue"
    ]
  },
  {
    "value": "Black",
    "synonyms": [
      "Black",
      "black"
    ]
  },
  {
    "value": "Silver",
    "synonyms": [
      "Silver",
      "silver"
    ]
  },
  {
    "value": "White",
    "synonyms": [
      "White",
      "white"
    ]
  },
  {
    "value": "Green",
    "synonyms": [
      "Green",
      "green"
    ]
  },
  {
    "value": "Yellow",
    "synonyms": [
      "Yellow",
      "yellow"
    ]
  },
  {
    "value": "Orange",
    "synonyms": [
      "Orange",
      "orange"
    ]
  },
  {
    "value": "Purple",
    "synonyms": [
      "Purple",
      "purple"
    ]
  },
  {
    "value": "Brown",
    "synonyms": [
      "Brown",
      "brown"
    ]
  },
  {
    "value": "Magenta",
    "synonyms": [
      "Magenta",
      "magenta"
    ]
  },
  {
    "value": "Tan",
    "synonyms": [
      "Tan",
      "tan"
    ]
  },
  {
    "value": "Cyan",
    "synonyms": [
      "Cyan",
      "cyan"
    ]
  },
  {
    "value": "Olive",
    "synonyms": [
      "Olive",
      "olive"
    ]
  },
  {
    "value": "Maroon",
    "synonyms": [
      "Maroon",
      "maroon"
    ]
  },
  {
    "value": "Navy",
    "synonyms": [
      "Navy",
      "navy"
    ]
  },
  {
    "value": "Aquamarine",
    "synonyms": [
      "Aquamarine",
      "aquamarine"
    ]
  },
  {
    "value": "Turquoise",
    "synonyms": [
      "Turquoise",
      "turquoise"
    ]
  },
  {
    "value": "Lime",
    "synonyms": [
      "Lime",
      "lime"
    ]
  },
  {
    "value": "Teal",
    "synonyms": [
      "Teal",
      "teal"
    ]
  },
  {
    "value": "Indigo",
    "synonyms": [
      "Indigo",
      "indigo"
    ]
  },
  {
    "value": "Violet",
    "synonyms": [
      "Violet",
      "violet"
    ]
  },
  {
    "value": "Pink",
    "synonyms": [
      "Pink",
      "pink"
    ]
  },
  {
    "value": "Gray",
    "synonyms": [
      "Gray",
      "gray"
    ]
  }
]