[
  {
    "value": "Long distance",
    "synonyms": [
      "Long distance",
      "long-distance",
      "far distances",
      "international",
      "national",
      "far"
    ]
  },
  {
    "value": "Highway",
    "synonyms": [
      "Highway",
      "Autobahn"
    ]
  },
  {
    "value": "City",
    "synonyms": [
      "City",
      "Stadt"
    ]
  },
  {
    "value": "Short Distance",
    "synonyms": [
      "Short Distance",
      "Close",
      "Village",
      "Quick"
    ]
  },
  {
    "value": "Offroad",
    "synonyms": [
      "Offroad",
      "Rough",
      "Hardcore",
      "SUV",
      "Adventure",
      "Woods",
      "Desert",
      "ranger"
    ]
  }
]