[
  {
    "value": "Alone",
    "synonyms": [
      "Alone",
      "Myself",
      "Single",
      "One",
      "1"
    ]
  },
  {
    "value": "Couple",
    "synonyms": [
      "Couple",
      "Two",
      "2"
    ]
  },
  {
    "value": "Family of 4",
    "synonyms": [
      "Family",
      "four",
      "three",
      "3",
      "4"
    ]
  },
  {
    "value": "Family \u003e 4",
    "synonyms": [
      "Large Family",
      "five",
      "six",
      "seven",
      "grandparents",
      "grandchildren",
      "5",
      "6",
      "7",
      "8",
      "9",
      "10"
    ]
  }
]