[
  {
    "value": "Red",
    "synonyms": [
      "Red"
    ]
  },
  {
    "value": "Blue",
    "synonyms": [
      "Blue"
    ]
  },
  {
    "value": "Black",
    "synonyms": [
      "Black"
    ]
  },
  {
    "value": "Silver",
    "synonyms": [
      "Silver"
    ]
  },
  {
    "value": "White",
    "synonyms": [
      "White"
    ]
  },
  {
    "value": "Green",
    "synonyms": [
      "Green"
    ]
  },
  {
    "value": "Yellow",
    "synonyms": [
      "Yellow"
    ]
  },
  {
    "value": "Orange",
    "synonyms": [
      "Orange"
    ]
  },
  {
    "value": "Purple",
    "synonyms": [
      "Purple"
    ]
  },
  {
    "value": "Brown",
    "synonyms": [
      "Brown"
    ]
  },
  {
    "value": "Magenta",
    "synonyms": [
      "Magenta"
    ]
  },
  {
    "value": "Tan",
    "synonyms": [
      "Tan"
    ]
  },
  {
    "value": "Cyan",
    "synonyms": [
      "Cyan"
    ]
  },
  {
    "value": "Olive",
    "synonyms": [
      "Olive"
    ]
  },
  {
    "value": "Maroon",
    "synonyms": [
      "Maroon"
    ]
  },
  {
    "value": "Navy",
    "synonyms": [
      "Navy"
    ]
  },
  {
    "value": "Aquamarine",
    "synonyms": [
      "Aquamarine"
    ]
  },
  {
    "value": "Turquoise",
    "synonyms": [
      "Turquoise"
    ]
  },
  {
    "value": "Lime",
    "synonyms": [
      "Lime"
    ]
  },
  {
    "value": "Teal",
    "synonyms": [
      "Teal"
    ]
  },
  {
    "value": "Indigo",
    "synonyms": [
      "Indigo"
    ]
  },
  {
    "value": "Violet",
    "synonyms": [
      "Violet"
    ]
  },
  {
    "value": "Pink",
    "synonyms": [
      "Pink"
    ]
  },
  {
    "value": "Gray",
    "synonyms": [
      "Gray"
    ]
  }
]