[
  {
    "value": "Thrift",
    "synonyms": [
      "Thrift",
      "Economic",
      "Cheap",
      "Low cost"
    ]
  },
  {
    "value": "Safety",
    "synonyms": [
      "Safety",
      "Airbags",
      "crash test",
      "5 stars"
    ]
  },
  {
    "value": "Sportive driving",
    "synonyms": [
      "Sportive driving",
      "fast",
      "supercar",
      "racing",
      "street racing",
      "need for speed",
      "rallye",
      "go cart",
      "F1",
      "Formula 1",
      "Race"
    ]
  },
  {
    "value": "Prestige",
    "synonyms": [
      "Prestige",
      "Exclusivity",
      "luxury",
      "leather",
      "suede",
      "gangsta"
    ]
  },
  {
    "value": "Spacious",
    "synonyms": [
      "Spacious",
      "space",
      "large",
      "family car"
    ]
  },
  {
    "value": "Environmental friendliness",
    "synonyms": [
      "Envrionmentally friendly",
      "green",
      "no emission",
      "CO2",
      "environment",
      "Greta",
      "low emission"
    ]
  }
]