[
  {
    "id": "7b377ebc-6b5e-4b72-a886-ccbf6127d356",
    "data": [
      {
        "text": "I need help with a configuration",
        "userDefined": false
      }
    ],
    "isTemplate": false,
    "count": 0,
    "updated": 0
  },
  {
    "id": "5cdd808a-9c07-490e-9a4a-012f94532bd3",
    "data": [
      {
        "text": "I\u0027d like to configure a car",
        "userDefined": false
      }
    ],
    "isTemplate": false,
    "count": 0,
    "updated": 0
  },
  {
    "id": "9e45a69a-7aee-4774-b312-d59434303e15",
    "data": [
      {
        "text": "i want to configure a car",
        "userDefined": false
      }
    ],
    "isTemplate": false,
    "count": 0,
    "updated": 0
  },
  {
    "id": "d719d237-dfa8-4ae3-8126-4cb20f1da52b",
    "data": [
      {
        "text": "confiugre",
        "userDefined": false
      }
    ],
    "isTemplate": false,
    "count": 1,
    "updated": 0
  },
  {
    "id": "5e5dc66d-b1a9-40df-8be2-20f9948be3a5",
    "data": [
      {
        "text": "comfigure",
        "userDefined": false
      }
    ],
    "isTemplate": false,
    "count": 0,
    "updated": 0
  },
  {
    "id": "94bbaefe-e4d1-45aa-8ece-04202a85804b",
    "data": [
      {
        "text": "configure",
        "userDefined": false
      }
    ],
    "isTemplate": false,
    "count": 0,
    "updated": 0
  },
  {
    "id": "69321284-4cf8-433c-83e4-c05dd891c36a",
    "data": [
      {
        "text": "Configure a car",
        "userDefined": false
      }
    ],
    "isTemplate": false,
    "count": 0,
    "updated": 0
  },
  {
    "id": "6810a180-8931-4fd5-8304-59e20d82fad2",
    "data": [
      {
        "text": "Configure car",
        "userDefined": false
      }
    ],
    "isTemplate": false,
    "count": 0,
    "updated": 0
  },
  {
    "id": "8d959985-7980-4659-b8c6-71b420074abb",
    "data": [
      {
        "text": "I want to buy a car",
        "userDefined": false
      }
    ],
    "isTemplate": false,
    "count": 0,
    "updated": 0
  },
  {
    "id": "1dcb7b44-d761-46cc-9b46-c576dc68f9f0",
    "data": [
      {
        "text": "Which car model is the best for me?",
        "userDefined": false
      }
    ],
    "isTemplate": false,
    "count": 0,
    "updated": 0
  },
  {
    "id": "10639b67-877f-4416-ab21-993b6e173d72",
    "data": [
      {
        "text": "Which car model is the best?",
        "userDefined": false
      }
    ],
    "isTemplate": false,
    "count": 0,
    "updated": 0
  },
  {
    "id": "af51c57b-9aa3-4450-b69c-c3dd332aa6b0",
    "data": [
      {
        "text": "How do I configure a car?",
        "userDefined": false
      }
    ],
    "isTemplate": false,
    "count": 0,
    "updated": 0
  },
  {
    "id": "bc59f646-efd8-4023-a558-527c2e7c0b3f",
    "data": [
      {
        "text": "Please help me find a car model",
        "userDefined": false
      }
    ],
    "isTemplate": false,
    "count": 0,
    "updated": 0
  },
  {
    "id": "a13ba15e-9338-4754-be84-3bba1b778548",
    "data": [
      {
        "text": "I don\u0027t understand the configurator",
        "userDefined": false
      }
    ],
    "isTemplate": false,
    "count": 0,
    "updated": 0
  },
  {
    "id": "ff58d063-d5bd-4e14-8d86-404aedbea342",
    "data": [
      {
        "text": "I need to configure a car",
        "userDefined": false
      }
    ],
    "isTemplate": false,
    "count": 0,
    "updated": 0
  }
]