[
  {
    "id": "8b448871-0aac-40d0-83ec-d1dfa5308245",
    "data": [
      {
        "text": "Absolutely",
        "userDefined": false
      }
    ],
    "isTemplate": false,
    "count": 0,
    "updated": 0
  },
  {
    "id": "325ee64e-9f47-4c43-af27-2efa05a151b8",
    "data": [
      {
        "text": "Sure",
        "userDefined": false
      }
    ],
    "isTemplate": false,
    "count": 0,
    "updated": 0
  },
  {
    "id": "2227fb12-fd91-4c5e-86a7-cc8b282ab100",
    "data": [
      {
        "text": "Okay",
        "userDefined": false
      }
    ],
    "isTemplate": false,
    "count": 0,
    "updated": 0
  },
  {
    "id": "05e9e8de-8f6f-446b-b81b-6d4e2149c48f",
    "data": [
      {
        "text": "Oki",
        "userDefined": false
      }
    ],
    "isTemplate": false,
    "count": 0,
    "updated": 0
  },
  {
    "id": "f6209f2a-b331-4f36-8850-7722df4806a1",
    "data": [
      {
        "text": "Yep",
        "userDefined": false
      }
    ],
    "isTemplate": false,
    "count": 0,
    "updated": 0
  },
  {
    "id": "74b8d69c-46bf-4384-aa63-48219181d8c7",
    "data": [
      {
        "text": "Of course",
        "userDefined": false
      }
    ],
    "isTemplate": false,
    "count": 0,
    "updated": 0
  },
  {
    "id": "c23ae8a3-0485-43ee-989f-44cebff9c517",
    "data": [
      {
        "text": "Yes",
        "alias": "offer_inquiry",
        "meta": "@Offer_inquiry",
        "userDefined": false
      },
      {
        "text": " please",
        "userDefined": false
      }
    ],
    "isTemplate": false,
    "count": 0,
    "updated": 0
  },
  {
    "id": "1e5ae445-0700-4a21-a200-fefe8c228169",
    "data": [
      {
        "text": "Alright",
        "userDefined": false
      }
    ],
    "isTemplate": false,
    "count": 0,
    "updated": 0
  },
  {
    "id": "c010dc4f-e7f1-4bf2-9698-00f4250fd934",
    "data": [
      {
        "text": "Ok",
        "userDefined": false
      }
    ],
    "isTemplate": false,
    "count": 0,
    "updated": 0
  },
  {
    "id": "046e7da1-1804-4ad9-be25-8b93a69082d7",
    "data": [
      {
        "text": "Yes",
        "alias": "offer_inquiry",
        "meta": "@Offer_inquiry",
        "userDefined": false
      }
    ],
    "isTemplate": false,
    "count": 1,
    "updated": 0
  }
]