[
  {
    "id": "aa19f8b1-8422-487b-9ff0-4dfaa63a7dfc",
    "data": [
      {
        "text": "Test",
        "alias": "user_requesttype",
        "meta": "@User_RequestType",
        "userDefined": false
      }
    ],
    "isTemplate": false,
    "count": 0,
    "updated": 0
  },
  {
    "id": "2e8d70d8-a873-4d51-99d6-05729cf19e20",
    "data": [
      {
        "text": "Test ",
        "userDefined": false
      },
      {
        "text": "drive",
        "alias": "user_requesttype",
        "meta": "@User_RequestType",
        "userDefined": false
      }
    ],
    "isTemplate": false,
    "count": 0,
    "updated": 0
  },
  {
    "id": "4a42751c-8a69-4fff-ba1e-0bb2eaea2277",
    "data": [
      {
        "text": "I want to ",
        "userDefined": false
      },
      {
        "text": "drive",
        "alias": "user_requesttype",
        "meta": "@User_RequestType",
        "userDefined": true
      },
      {
        "text": " the car",
        "userDefined": false
      }
    ],
    "isTemplate": false,
    "count": 0,
    "updated": 0
  },
  {
    "id": "e8e96af8-ec0a-4c7a-9bbe-6379c87f1150",
    "data": [
      {
        "text": "I want to ",
        "userDefined": false
      },
      {
        "text": "test drive",
        "alias": "user_requesttype",
        "meta": "@User_RequestType",
        "userDefined": false
      }
    ],
    "isTemplate": false,
    "count": 0,
    "updated": 0
  }
]