[
  {
    "id": "59134a15-0596-415a-a944-1aed935a8432",
    "data": [
      {
        "text": "I need help with a configuration",
        "userDefined": false
      }
    ],
    "isTemplate": false,
    "count": 0,
    "updated": 0
  },
  {
    "id": "c89dafb3-5ce0-4fc3-855a-072aabeed54d",
    "data": [
      {
        "text": "I\u0027d like to configure a car",
        "userDefined": false
      }
    ],
    "isTemplate": false,
    "count": 0,
    "updated": 0
  },
  {
    "id": "0e745f7e-cdc1-4943-aa56-f01c37f351d3",
    "data": [
      {
        "text": "i want to configure a car",
        "userDefined": false
      }
    ],
    "isTemplate": false,
    "count": 0,
    "updated": 0
  },
  {
    "id": "698bbd77-cd7f-4c7d-94a5-bce76f81d7e0",
    "data": [
      {
        "text": "confiugre",
        "userDefined": false
      }
    ],
    "isTemplate": false,
    "count": 1,
    "updated": 0
  },
  {
    "id": "5aec03c1-29c3-4962-bd40-f32febbcb565",
    "data": [
      {
        "text": "comfigure",
        "userDefined": false
      }
    ],
    "isTemplate": false,
    "count": 0,
    "updated": 0
  },
  {
    "id": "b6f8eade-b34d-4a1f-afa3-3bb231c8f4a9",
    "data": [
      {
        "text": "configure",
        "userDefined": false
      }
    ],
    "isTemplate": false,
    "count": 0,
    "updated": 0
  },
  {
    "id": "7d1564f3-a039-4860-8023-1e3c526d90ed",
    "data": [
      {
        "text": "Configure a car",
        "userDefined": false
      }
    ],
    "isTemplate": false,
    "count": 0,
    "updated": 0
  },
  {
    "id": "2856f281-a50e-4c1f-aad7-c590b7f13670",
    "data": [
      {
        "text": "Configure car",
        "userDefined": false
      }
    ],
    "isTemplate": false,
    "count": 0,
    "updated": 0
  },
  {
    "id": "0bcb7da1-7d11-422c-9f44-7617ecc4c811",
    "data": [
      {
        "text": "I want to buy a car",
        "userDefined": false
      }
    ],
    "isTemplate": false,
    "count": 0,
    "updated": 0
  },
  {
    "id": "9fdc9e0a-256e-443c-a18c-c290e6f834fc",
    "data": [
      {
        "text": "Which car model is the best for me?",
        "userDefined": false
      }
    ],
    "isTemplate": false,
    "count": 0,
    "updated": 0
  },
  {
    "id": "5caeda40-3353-4581-8e68-75e4b1c0757b",
    "data": [
      {
        "text": "Which car model is the best?",
        "userDefined": false
      }
    ],
    "isTemplate": false,
    "count": 0,
    "updated": 0
  },
  {
    "id": "452bc1eb-c7bd-43c0-b79d-440eb50d1b65",
    "data": [
      {
        "text": "How do I configure a car?",
        "userDefined": false
      }
    ],
    "isTemplate": false,
    "count": 0,
    "updated": 0
  },
  {
    "id": "4b2aa486-1737-4cfb-958a-801ffb2b8923",
    "data": [
      {
        "text": "Please help me find a car model",
        "userDefined": false
      }
    ],
    "isTemplate": false,
    "count": 0,
    "updated": 0
  },
  {
    "id": "55b6db17-a615-4c23-b14f-aef127df679b",
    "data": [
      {
        "text": "I don\u0027t understand the configurator",
        "userDefined": false
      }
    ],
    "isTemplate": false,
    "count": 0,
    "updated": 0
  },
  {
    "id": "f95af121-b6ef-4a74-9f20-1c59a62d3a52",
    "data": [
      {
        "text": "I need to configure a car",
        "userDefined": false
      }
    ],
    "isTemplate": false,
    "count": 0,
    "updated": 0
  }
]