[
  {
    "id": "9c0637cc-f71c-4431-85fb-8b51b098c640",
    "data": [
      {
        "text": "offre",
        "userDefined": false
      }
    ],
    "isTemplate": false,
    "count": 0,
    "updated": 0
  },
  {
    "id": "9f06600f-529c-4b92-9954-5f3bd1073a8f",
    "data": [
      {
        "text": "ofer",
        "userDefined": false
      }
    ],
    "isTemplate": false,
    "count": 0,
    "updated": 0
  },
  {
    "id": "8894575c-231d-45a8-8e2b-911af89d8820",
    "data": [
      {
        "text": "please give me an offer",
        "userDefined": false
      }
    ],
    "isTemplate": false,
    "count": 0,
    "updated": 0
  },
  {
    "id": "986a9e2e-346d-4b4f-91b2-6d30c7ab32b4",
    "data": [
      {
        "text": "offer ",
        "userDefined": false
      },
      {
        "text": "yes",
        "alias": "offer_inquiry",
        "meta": "@Offer_inquiry",
        "userDefined": false
      }
    ],
    "isTemplate": false,
    "count": 0,
    "updated": 0
  },
  {
    "id": "556d967a-3d77-4329-9d12-b939365542dc",
    "data": [
      {
        "text": "offer please",
        "userDefined": false
      }
    ],
    "isTemplate": false,
    "count": 0,
    "updated": 0
  },
  {
    "id": "2bdeae77-295c-4ba3-85db-a969c1f9f336",
    "data": [
      {
        "text": "I want an offer",
        "userDefined": false
      }
    ],
    "isTemplate": false,
    "count": 0,
    "updated": 0
  },
  {
    "id": "9d420124-da24-42a3-91b8-32c8dee0e4bf",
    "data": [
      {
        "text": "Offer",
        "userDefined": false
      }
    ],
    "isTemplate": false,
    "count": 0,
    "updated": 0
  },
  {
    "id": "6469738e-6684-4b23-ad50-19ccc3a98a04",
    "data": [
      {
        "text": "Absolutely",
        "userDefined": false
      }
    ],
    "isTemplate": false,
    "count": 0,
    "updated": 0
  },
  {
    "id": "5d7ad80a-c5e6-4303-b37b-002dc1d704fc",
    "data": [
      {
        "text": "Sure",
        "userDefined": false
      }
    ],
    "isTemplate": false,
    "count": 0,
    "updated": 0
  },
  {
    "id": "8e79ee27-7e79-4a72-a3e9-4c28b4725f19",
    "data": [
      {
        "text": "Okay",
        "userDefined": false
      }
    ],
    "isTemplate": false,
    "count": 0,
    "updated": 0
  },
  {
    "id": "088710e6-1521-40d2-92ec-57da97f556a0",
    "data": [
      {
        "text": "Oki",
        "userDefined": false
      }
    ],
    "isTemplate": false,
    "count": 0,
    "updated": 0
  },
  {
    "id": "f03c6560-2600-49f3-8039-e265b7ef0a37",
    "data": [
      {
        "text": "Yep",
        "userDefined": false
      }
    ],
    "isTemplate": false,
    "count": 0,
    "updated": 0
  },
  {
    "id": "54c21154-90b5-4906-9572-7add41030038",
    "data": [
      {
        "text": "Of course",
        "userDefined": false
      }
    ],
    "isTemplate": false,
    "count": 0,
    "updated": 0
  },
  {
    "id": "9b8db758-480f-4b92-8df2-b1c5342a1304",
    "data": [
      {
        "text": "Yes",
        "alias": "offer_inquiry",
        "meta": "@Offer_inquiry",
        "userDefined": false
      },
      {
        "text": " please",
        "userDefined": false
      }
    ],
    "isTemplate": false,
    "count": 0,
    "updated": 0
  },
  {
    "id": "a8533e3b-86d8-4097-8666-89dbe5afddce",
    "data": [
      {
        "text": "Alright",
        "userDefined": false
      }
    ],
    "isTemplate": false,
    "count": 0,
    "updated": 0
  },
  {
    "id": "97af8d85-d799-4216-9e57-0619f94824bb",
    "data": [
      {
        "text": "Ok",
        "userDefined": false
      }
    ],
    "isTemplate": false,
    "count": 0,
    "updated": 0
  },
  {
    "id": "d6ed8b9b-5fdf-4623-a02e-c39bf7516e1c",
    "data": [
      {
        "text": "Yes",
        "alias": "offer_inquiry",
        "meta": "@Offer_inquiry",
        "userDefined": false
      }
    ],
    "isTemplate": false,
    "count": 1,
    "updated": 0
  }
]