[
  {
    "id": "fa74897c-da3c-4cc7-8c11-7058166c66e4",
    "data": [
      {
        "text": "Test",
        "alias": "user_requesttype",
        "meta": "@User_RequestType",
        "userDefined": false
      }
    ],
    "isTemplate": false,
    "count": 0,
    "updated": 0
  },
  {
    "id": "bf29f99e-55da-4d5e-8aa2-930e876692cd",
    "data": [
      {
        "text": "Test ",
        "userDefined": false
      },
      {
        "text": "drive",
        "alias": "user_requesttype",
        "meta": "@User_RequestType",
        "userDefined": false
      }
    ],
    "isTemplate": false,
    "count": 0,
    "updated": 0
  },
  {
    "id": "5d7b4cae-8179-409d-99d5-26473e7338b5",
    "data": [
      {
        "text": "I want to ",
        "userDefined": false
      },
      {
        "text": "drive",
        "alias": "user_requesttype",
        "meta": "@User_RequestType",
        "userDefined": true
      },
      {
        "text": " the car",
        "userDefined": false
      }
    ],
    "isTemplate": false,
    "count": 0,
    "updated": 0
  },
  {
    "id": "c51dacf6-8f8f-4fb5-a759-1a9017a622c1",
    "data": [
      {
        "text": "I want to ",
        "userDefined": false
      },
      {
        "text": "test drive",
        "alias": "user_requesttype",
        "meta": "@User_RequestType",
        "userDefined": false
      }
    ],
    "isTemplate": false,
    "count": 0,
    "updated": 0
  }
]